booking_id,months_as_member,weight,days_before,day_of_week,time,category,attended
0001,17,79.56,8,Wed,PM,Strength,-0
0002,10,79.01,2,Mon,AM,HIIT,0
0003,16,74.53,14,Sun,AM,Strength,0
0004,5,86.12,10,Fri,AM,Cycling,-0
0005,15,69.29,8,Thu,AM,HIIT,0
0006,7,93.33,2,Mon,AM,Cycling,-0
0007,11,88.59,6,Wednesday,PM,HIIT,0
0008,9,89.52,10,Fri,AM,HIIT,-0
0009,23,71.12,10,Fri.,AM,HIIT,1
0010,7,81.25,10,Fri,AM,HIIT,0
0011,13,73.22,4,Tue,AM,Cycling,0
0012,16,86.86,10,Fri,AM,Cycling,0
0013,16,71.7,14,Sun,AM,Strength,1
0014,8,81.32,4,Tue,AM,Cycling,0
0015,9,77.35,10,Fri,AM,Cycling,-0
0016,9,82.42,14,Sun,AM,HIIT,1
0017,22,69.52,14,Sun,AM,Strength,1
0018,6,79.01,9,Thu,PM,Yoga,-0
0019,33,81.55,8,Thu,AM,Cycling,1
0020,10,72.93,4,Tue,AM,Cycling,1
0021,24,68.35,12,Sat,PM,Strength,1
0022,14,94.72,2,Mon,AM,Cycling,1
0023,2,92.87,10,Fri,AM,Strength,-0
0024,12,91.74,10,Fri,AM,Strength,0
0025,8,92.24,2,Mon,AM,Strength,0
0026,2,85.67,2,Mon,AM,HIIT,-0
0027,12,76.56,2,Mon,AM,HIIT,1
0028,26,82.87,4,Tue,PM,HIIT,0
0029,28,87.19,2,Mon,AM,Strength,1
0030,27,98.91,12,Sat,AM,Yoga,1
0031,8,79.96,4,Tue,AM,HIIT,1
0032,8,84.87,2,Mon,AM,Strength,-0
0033,1,88.75,4,Tue,AM,Cycling,-0
0034,6,86.67,10,Fri,AM,Yoga,0
0035,3,81.58,10,Fri,AM,HIIT,-0
0036,6,83.13,9,Thu,PM,Cycling,0
0037,24,73.49,4,Tue,AM,Strength,1
0038,8,79.36,12,Sat,AM,HIIT,-0
0039,27,78.81,10,Fri,AM,HIIT,1
0040,7,97.26,10,Fri,AM,HIIT,0
0041,5,93.33,14,Sun,AM,HIIT,-0
0042,14,83.16,10,Thu,PM,Strength,-0
0043,7,90,14,Sun,PM,Cycling,0
0044,9,112.15,10,Fri,AM,HIIT,0
0045,6,108.2,8,Wed,PM,Strength,0
0046,5,104.19,2,Mon,AM,HIIT,0
0047,21,67.81,4,Tue,PM,HIIT,0
0048,17,81.98,2,Mon,AM,HIIT,-0
0049,10,81.56,14,Sun,AM,Strength,0
0050,18,79.57,2,Mon,AM,Strength,-0
0051,8,85.39,8,Thu,AM,Yoga,-0
0052,19,69.65,2,Mon,AM,Yoga,0
0053,12,77.09,10,Fri,AM,HIIT,-0
0054,19,65.65,4,Tue,AM,HIIT,1
0055,53,61.1,10,Fri.,AM,HIIT,1
0056,17,71.35,4,Tue,PM,-,0
0057,3,100.9,10,Fri,AM,HIIT,-0
0058,12,79.68,2,Mon,AM,HIIT,0
0059,19,72.23,10,Fri.,AM,Yoga,0
0060,16,67.53,8,Thu,AM,Yoga,0
0061,8,101.32,5,Tue,PM,Yoga,0
0062,6,81.44,2,Monday,AM,HIIT,-0
0063,9,76.05,4,Tue,AM,HIIT,0
0064,10,100.44,8,Thu,AM,Aqua,-0
0065,2,107.03,2,Mon,AM,Yoga,-0
0066,20,76.07,4,Tue,AM,HIIT,0
0067,11,71.54,8,Thu,AM,Strength,0
0068,8,72.63,14,Sun,PM,Strength,1
0069,9,82.13,10,Thu,PM,HIIT,0
0070,2,108.82,10,Fri,AM,HIIT,-0
0071,17,74.57,3,Mon,AM,Cycling,0
0072,11,74.75,10,Fri,AM,HIIT,0
0073,8,85.86,7,Wednesday,PM,HIIT,-0
0074,28,73.78,5,Wed,PM,HIIT,1
0075,34,75.34,10,Fri,AM,Cycling,0
0076,20,60.1,2,Mon,AM,Aqua,0
0077,5,94.7,6,Wed,AM,HIIT,0
0078,12,97.11,8,Thu,AM,HIIT,1
0079,14,69,14,Sun,AM,Cycling,1
0080,11,82.16,13,Sat,AM,Yoga,0
0081,10,94.97,8,Thu,AM,Cycling,0
0082,11,85.79,8,Thu,PM,Yoga,-0
0083,6,117.19,10,Fri,AM,HIIT,-0
0084,25,70.8,13,Sat,PM,HIIT,1
0085,9,74.76,8,Thu,AM,HIIT,0
0086,8,80.34,10,Fri,AM,HIIT,0
0087,17,86.53,7,Thu,PM,Cycling,0
0088,20,80.11,10,Fri.,AM,Yoga,1
0089,14,68.96,14,Sun,AM,Aqua,0
0090,32,77.57,6,Wed,AM,Cycling,0
0091,3,112.47,10,Fri,AM,Strength,-0
0092,27,77.39,8,Thu,AM,Strength,1
0093,73,66,8,Thu,AM,HIIT,1
0094,10,79.32,12 days,Sat,AM,HIIT,1
0095,5,90.06,6,Wednesday,AM,Cycling,0
0096,20,75.34,10,Thu,PM,Cycling,1
0097,7,81.69,12,Sat,AM,Cycling,1
0098,6,80.74,8,Thu,PM,HIIT,-0
0099,55,62.92,6,Wed,PM,Cycling,1
0100,4,113.86,4,Tue,AM,HIIT,-0
0101,9,73.07,8,Thu,AM,HIIT,-0
0102,7,84.72,12,Sat,AM,Strength,-0
0103,14,80.76,14,Sun,AM,Strength,0
0104,11,85.41,2,Mon,AM,HIIT,1
0105,9,92.06,2,Mon,AM,HIIT,-0
0106,5,78.28,2,Mon,AM,HIIT,0
0107,12,79.77,2,Monday,AM,Strength,0
0108,8,71.49,10,Fri,AM,HIIT,0
0109,21,76.77,8,Thu,AM,Cycling,0
0110,14,69.35,20,Sun,PM,HIIT,1
0111,11,74.57,14,Sun,PM,Strength,0
0112,34,64.52,14,Sun,AM,Yoga,1
0113,8,81.06,4,Tue,PM,HIIT,0
0114,12,79.79,2,Mon,AM,HIIT,0
0115,14,NA,10,Fri,AM,HIIT,0
0116,27,83.32,8,Thu,AM,Yoga,1
0117,10,97.13,1,Mon,PM,HIIT,0
0118,18,88.77,14,Sun,AM,Cycling,1
0119,13,90.38,2,Mon,AM,Yoga,1
0120,26,65.88,2,Mon,AM,HIIT,0
0121,35,69.41,4,Tue,AM,HIIT,1
0122,54,73.02,7,Wednesday,AM,HIIT,1
0123,6,98.42,10,Fri,AM,HIIT,0
0124,15,71.99,10,Fri,AM,HIIT,0
0125,76,58.68,15,Sun,PM,HIIT,1
0126,3,97.38,2,Mon,AM,Cycling,-0
0127,15,75.7,2,Mon,AM,Cycling,0
0128,3,86.92,8,Thu,AM,Cycling,-0
0129,28,70.77,12,Sat,AM,HIIT,1
0130,8,104.33,14,Sun,AM,HIIT,0
0131,5,81.42,14,Sun,AM,HIIT,0
0132,11,77.56,7,Thu,PM,HIIT,-0
0133,9,109.23,2,Mon,AM,HIIT,-0
0134,11,97.77,14,Sun,AM,HIIT,0
0135,9,85.32,8,Thu,AM,Cycling,0
0136,24,80.01,2,Mon,AM,HIIT,1
0137,10,73.38,10,Fri,AM,HIIT,-0
0138,13,95.97,2,Mon,AM,Cycling,0
0139,62,57.83,2,Mon,AM,HIIT,1
0140,5,89.67,15,Sun,AM,HIIT,0
0141,42,59.97,10,Fri,AM,Yoga,1
0142,21,73.99,10,Fri.,AM,Yoga,1
0143,11,55.41,10,Fri,AM,HIIT,0
0144,105,66.07,12,Sat,AM,Cycling,1
0145,15,78.07,8,Thu,AM,HIIT,-0
0146,4,109.09,4,Tue,PM,HIIT,-0
0147,20,81.06,2,Mon,AM,Cycling,1
0148,24,62.76,7,Wed,PM,HIIT,0
0149,2,108.13,14,Sun,AM,HIIT,-0
0150,5,94.46,14,Sun,AM,Strength,-0
0151,90,58.13,14,Sun,AM,HIIT,1
0152,15,66.24,8,Thu,AM,HIIT,0
0153,29,68.84,4,Tue,PM,Strength,1
0154,8,77.16,12,Fri,PM,HIIT,0
0155,18,82.93,12,Sat,AM,HIIT,-0
0156,60,68.02,12,Sat,AM,Cycling,1
0157,3,112.22,12,Sat,AM,HIIT,-0
0158,16,88.34,2,Mon,AM,Strength,1
0159,7,83.26,3,Tue,PM,Cycling,0
0160,21,83.77,8,Thu,AM,HIIT,0
0161,21,63.04,2,Mon,AM,HIIT,0
0162,3,110.18,8,Thu,PM,Strength,-0
0163,3,98.53,8,Thu,PM,HIIT,-0
0164,12,65.51,4,Tue,AM,HIIT,0
0165,11,72.21,13,Sat,PM,HIIT,-0
0166,9,83.07,2,Mon,AM,Strength,-0
0167,18,99.91,12,Sat,AM,Strength,1
0168,7,90.73,8,Thu,AM,Cycling,0
0169,30,78.41,12,Sat,AM,HIIT,1
0170,9,73.58,8,Thu,AM,Strength,0
0171,6,111.44,10,Fri,AM,Aqua,0
0172,8,89.62,12,Sat,AM,Strength,0
0173,11,63.69,4,Tue,AM,HIIT,0
0174,13,87.31,12,Sat,AM,Strength,0
0175,25,80.15,10,Fri,AM,Cycling,-0
0176,32,84.76,2,Mon,AM,Cycling,0
0177,3,105.88,10,Fri,AM,Strength,-0
0178,11,78.28,12,Sat,AM,HIIT,0
0179,12,69.33,4,Tue,AM,Strength,0
0180,8,82.63,12,Sat,AM,HIIT,-0
0181,23,90.78,12,Sat,AM,Cycling,0
0182,5,99.45,10,Fri,AM,Aqua,0
0183,6,82.54,12,Sat,AM,Strength,0
0184,107,67.02,4,Tue,PM,HIIT,1
0185,52,69.34,10,Fri,AM,HIIT,1
0186,8,70.84,12,Sat,AM,HIIT,0
0187,8,92.84,10,Fri,AM,Cycling,0
0188,34,63.41,8,Thu,AM,Cycling,0
0189,13,78.59,2,Mon,AM,Strength,1
0190,5,71.74,6 days,Wed,PM,Strength,-0
0191,14,68.75,3,Mon,AM,Aqua,1
0192,53,61.2,4,Tue,AM,HIIT,1
0193,17,89.54,12 days,Sat,AM,HIIT,0
0194,37,66.89,10,Fri,AM,Yoga,1
0195,8,72.56,2,Mon,AM,Strength,0
0196,11,70.91,4,Tue,PM,Aqua,0
0197,15,79.02,12,Sat,AM,Strength,-0
0198,37,73.32,2,Mon,AM,Strength,1
0199,8,98.92,10,Fri,AM,Aqua,0
0200,12,80.28,14,Sun,AM,Cycling,-0
0201,22,88.9,4,Tue,AM,Yoga,1
0202,9,83.21,12,Sat,AM,HIIT,-0
0203,6,97.94,7,Thu,PM,Cycling,-0
0204,15,104.16,11,Fri,AM,HIIT,0
0205,10,110.54,2,Mon,AM,HIIT,-0
0206,6,91.52,10,Fri,AM,HIIT,0
0207,38,85.69,6,Wed,AM,HIIT,1
0208,10,100.37,12,Sat,PM,HIIT,-0
0209,35,72.7,10,Fri,AM,Cycling,1
0210,10,93.92,11,Sat,PM,Yoga,-0
0211,19,98.71,14,Sun,AM,HIIT,-0
0212,16,NA,10,Fri,AM,Cycling,0
0213,10,84.1,14,Sun,AM,HIIT,0
0214,9,77.48,2,Mon,AM,Cycling,-0
0215,16,67.38,2,Mon,AM,HIIT,0
0216,8,84.49,10,Fri,AM,Yoga,-0
0217,12,74.04,4,Tue,AM,Aqua,-0
0218,21,69,4,Tue,PM,Yoga,1
0219,13,72.34,12,Sat,AM,HIIT,0
0220,3,90.91,8,Thu,AM,Cycling,-0
0221,27,68.72,12,Sat,AM,Strength,1
0222,17,74.87,2,Mon,AM,HIIT,1
0223,20,66.15,10,Fri,AM,HIIT,1
0224,48,68.39,10,Fri.,AM,HIIT,1
0225,21,83.07,14,Sun,AM,Strength,1
0226,51,63.59,8,Thu,AM,HIIT,1
0227,13,72.58,12,Sat,AM,Strength,-0
0228,20,68.7,8,Thu,AM,Cycling,1
0229,12,84.45,13,Sat,AM,Strength,0
0230,23,71,6,Wednesday,AM,Cycling,0
0231,12,88.42,9,Thu,AM,Yoga,0
0232,10,81.69,8,Thu,AM,HIIT,0
0233,18,80.93,2,Mon,AM,Aqua,0
0234,8,85.12,6,Wednesday,AM,HIIT,1
0235,16,76.12,8,Thu,AM,Strength,0
0236,8,90.12,12,Sat,AM,HIIT,-0
0237,17,76.61,13 days,Sat,AM,Cycling,1
0238,29,68.31,2,Monday,AM,Yoga,1
0239,10,74.35,3 days,Tue,PM,HIIT,-0
0240,9,75.63,12,Sat,AM,HIIT,-0
0241,10,77.81,5,Tue,PM,Cycling,1
0242,7,79.38,14,Sun,AM,HIIT,0
0243,16,87.55,8,Thu,PM,Cycling,0
0244,7,89.94,8,Thu,AM,HIIT,-0
0245,34,68.83,10,Fri,AM,Yoga,1
0246,9,82.29,2,Mon,PM,Cycling,0
0247,12,82.89,12,Sat,AM,HIIT,0
0248,12,77.03,10,Fri,AM,HIIT,0
0249,7,86.31,10,Fri,AM,Cycling,-0
0250,40,68.7,14,Sun,AM,Cycling,1
0251,4,86.74,2,Mon,AM,Cycling,-0
0252,8,92.4,2,Mon,AM,Aqua,1
0253,8,86.15,2,Mon,AM,HIIT,-0
0254,3,101.97,12,Sat,AM,Strength,-0
0255,7,105.2,14,Sun,PM,HIIT,-0
0256,6,78.32,14,Sun,AM,HIIT,0
0257,8,82.16,10,Fri,AM,Strength,-0
0258,5,80.71,10,Fri,AM,Strength,-0
0259,25,75.26,14,Sun,AM,HIIT,1
0260,20,78.7,12,Sat,AM,Cycling,1
0261,15,76.31,12,Sat,AM,Strength,-0
0262,16,82.66,10,Fri,AM,Aqua,-0
0263,8,81.45,4,Tue,AM,Cycling,0
0264,13,82.28,12,Sat,AM,Strength,0
0265,6,79.9,12,Sat,AM,Yoga,-0
0266,12,78.05,2,Mon,AM,Aqua,-0
0267,4,103.25,14,Sun,AM,HIIT,0
0268,4,86.88,4,Tue,AM,HIIT,-0
0269,7,103.46,12,Sat,AM,Cycling,-0
0270,4,75.82,10,Fri,AM,Cycling,-0
0271,3,97.88,4,Tue,AM,Aqua,-0
0272,13,77.83,2,Mon,AM,Aqua,-0
0273,6,89.99,8,Thu,PM,Yoga,0
0274,25,82.15,10,Fri,AM,Cycling,0
0275,20,70.41,8,Thu,AM,Aqua,0
0276,7,82.81,16,Sun,PM,HIIT,0
0277,17,59.56,10,Fri.,AM,Cycling,1
0278,26,74.57,2,Mon,AM,HIIT,1
0279,3,86.08,2,Mon,AM,HIIT,-0
0280,21,66.49,6,Wed,AM,Cycling,0
0281,9,93.47,8,Thu,PM,Strength,0
0282,12,73.88,10,Fri,AM,HIIT,0
0283,14,88.33,12,Sat,AM,HIIT,0
0284,8,79.42,7,Thu,PM,Cycling,-0
0285,26,74.46,10,Fri,AM,HIIT,0
0286,89,73.41,8,Thu,AM,HIIT,1
0287,24,67.71,12,Sat,AM,Cycling,1
0288,13,80.77,12,Sat,AM,Cycling,1
0289,10,73.69,6,Wed,PM,Cycling,0
0290,22,71.87,4,Tue,AM,HIIT,1
0291,9,91.17,7,Wed,PM,Cycling,0
0292,26,63.81,12,Sat,AM,Strength,1
0293,5,114.17,2,Mon,AM,Strength,0
0294,57,70.39,14,Sun,AM,Cycling,1
0295,11,84.37,2,Mon,AM,Aqua,1
0296,34,70.09,4,Tue,AM,HIIT,1
0297,20,78.1,12,Sat,AM,Yoga,1
0298,13,81.01,6,Wednesday,PM,Strength,1
0299,6,87.32,4,Tue,PM,HIIT,-0
0300,4,71.49,14,Sun,AM,Strength,-0
0301,7,78.46,6,Wednesday,AM,HIIT,-0
0302,11,87.9,4,Tue,AM,HIIT,1
0303,9,99.29,8,Thu,AM,Cycling,-0
0304,9,88.49,12,Sat,AM,HIIT,1
0305,12,68.15,2,Mon,AM,HIIT,0
0306,10,81.98,15,Sun,PM,HIIT,-0
0307,36,74.73,10,Fri,AM,HIIT,1
0308,13,81.25,4,Tue,AM,HIIT,0
0309,13,74.59,3,Tue,PM,Cycling,1
0310,7,80.65,12,Sat,AM,HIIT,-0
0311,13,78.52,13,Sat,AM,Strength,0
0312,18,66.05,12,Sat,AM,HIIT,0
0313,13,95.72,4,Tue,AM,HIIT,1
0314,23,94.94,1 days,Mon,PM,Cycling,1
0315,5,90.51,11,Thu,PM,Yoga,0
0316,5,NA,14,Sun,AM,HIIT,-0
0317,11,83.92,10,Fri,AM,Cycling,0
0318,15,81.12,12,Sat,AM,Yoga,0
0319,20,66.67,10,Fri,AM,HIIT,0
0320,12,97.1,7,Wed,PM,HIIT,1
0321,14,85.49,4,Tue,AM,HIIT,0
0322,20,91.6,8,Thu,AM,Cycling,-0
0323,14,84.25,8,Thu,AM,Strength,1
0324,14,83.35,8,Thu,AM,HIIT,-0
0325,6,111.16,10,Fri,AM,Cycling,-0
0326,17,77.19,14,Sun,AM,HIIT,1
0327,12,100.05,8,Thu,PM,HIIT,-0
0328,11,69.73,14,Sun,PM,Cycling,0
0329,5,76.93,7,Wed,PM,HIIT,-0
0330,18,75.16,15,Sun,AM,Cycling,0
0331,10,70.61,8,Thu,AM,HIIT,0
0332,15,71.06,2,Mon,AM,Yoga,1
0333,19,70.68,4,Tue,PM,Cycling,-0
0334,52,83.2,10,Fri,AM,Cycling,1
0335,16,87,10,Fri,AM,Yoga,1
0336,19,67.86,12,Sat,AM,Strength,-0
0337,11,97.87,5,Tue,PM,Cycling,0
0338,14,68.47,14,Sun,AM,HIIT,0
0339,13,71.22,3,Mon,AM,Yoga,0
0340,7,97.55,13,Wed,PM,Cycling,-0
0341,6,85.36,14,Sun,AM,HIIT,-0
0342,13,96.94,10,Fri,AM,HIIT,0
0343,27,76.99,12,Sat,AM,Cycling,1
0344,23,74.94,12,Sat,AM,Cycling,1
0345,20,83.41,14,Sun,AM,Cycling,1
0346,19,72.34,8,Thu,AM,Strength,1
0347,8,75.14,2,Mon,AM,HIIT,-0
0348,5,112.86,10,Fri,AM,Cycling,0
0349,38,72.88,1,Mon,PM,HIIT,0
0350,10,88.28,2,Mon,AM,Yoga,0
0351,11,79.68,10,Fri,AM,HIIT,-0
0352,18,81.2,12,Sat,AM,Cycling,1
0353,16,79.57,8,Thu,AM,Cycling,0
0354,18,78.63,7,Wed,PM,Cycling,0
0355,6,93.79,12,Sat,AM,Strength,-0
0356,38,69.36,4,Tue,AM,Strength,0
0357,18,73.05,2,Mon,AM,HIIT,1
0358,3,86.5,14,Sun,AM,Cycling,0
0359,7,81.54,10,Thu,PM,Cycling,-0
0360,9,77.71,12,Sat,AM,HIIT,-0
0361,20,81.53,10,Fri,AM,HIIT,0
0362,5,88.39,14,Sun,AM,Strength,0
0363,5,94.46,2,Mon,AM,HIIT,-0
0364,7,87.52,6,Wed,PM,Strength,-0
0365,8,80.72,14,Sun,AM,Cycling,0
0366,4,88.17,2,Mon,AM,Cycling,-0
0367,4,NA,2,Mon,AM,Aqua,-0
0368,14,85.02,4,Tue,PM,Cycling,0
0369,2,148.02,8,Thu,AM,HIIT,-0
0370,13,88.57,12,Sat,AM,Aqua,1
0371,6,87.32,14,Sun,PM,HIIT,0
0372,14,72.91,12,Sat,AM,Yoga,1
0373,7,91.65,14,Sun,AM,Yoga,0
0374,9,84.27,2,Mon,AM,Cycling,0
0375,10,97.99,10,Fri,AM,Strength,0
0376,4,90.56,8,Thu,AM,Strength,-0
0377,14,78.59,14,Sun,AM,HIIT,0
0378,12,92.47,6,Tue,PM,Strength,0
0379,7,97.56,10,Fri,AM,HIIT,-0
0380,44,69.88,2,Mon,AM,HIIT,1
0381,14,77.98,7 days,Wed,PM,Strength,0
0382,13,83.43,2,Mon,AM,Cycling,1
0383,6,79.07,4,Tue,AM,HIIT,-0
0384,8,91.58,8,Thu,AM,HIIT,0
0385,29,77.57,2,Mon,PM,Cycling,1
0386,11,115.18,2,Mon,AM,Strength,-0
0387,5,91.47,14,Sun,AM,Strength,-0
0388,10,76.63,6,Wed,PM,Cycling,-0
0389,7,91.88,12,Sat,AM,HIIT,1
0390,21,69.93,10,Fri,AM,HIIT,0
0391,8,89.72,10,Fri,AM,Cycling,0
0392,4,109.82,10,Fri,AM,HIIT,-0
0393,7,76.58,2,Mon,AM,HIIT,-0
0394,8,97.2,11,Sat,PM,Cycling,-0
0395,6,100.82,14,Sun,AM,Cycling,-0
0396,13,87.5,4,Tue,AM,HIIT,0
0397,26,70.25,8,Thu,AM,HIIT,0
0398,20,76.69,8,Thu,AM,Strength,0
0399,17,67.71,8 days,Thu,AM,Cycling,0
0400,7,90.14,10,Fri,AM,HIIT,0
0401,19,70.41,14,Sun,AM,HIIT,0
0402,8,73.98,7,Thu,PM,Cycling,0
0403,15,71.29,2,Mon,AM,HIIT,0
0404,35,63.28,8,Thu,AM,HIIT,1
0405,8,84.64,8,Thu,AM,-,0
0406,10,99.92,10,Fri,AM,Strength,0
0407,39,81.53,6,Wed,AM,Yoga,0
0408,8,89.14,12,Sat,AM,Cycling,-0
0409,15,86.09,10,Fri.,AM,HIIT,0
0410,10,85.31,12,Sat,PM,HIIT,0
0411,6,96.07,8,Thu,AM,Strength,-0
0412,15,96.49,14,Sun,AM,Yoga,0
0413,13,81.79,14,Sun,AM,Cycling,0
0414,7,86.7,12,Sat,AM,HIIT,-0
0415,21,87.43,12,Sat,PM,Strength,0
0416,9,73.89,12,Sat,AM,Cycling,0
0417,6,101.7,5,Tue,PM,Aqua,0
0418,8,76.99,4,Tue,AM,HIIT,0
0419,14,84.17,14,Sun,AM,HIIT,1
0420,11,92.82,8,Thu,PM,HIIT,0
0421,10,69.85,2,Mon,AM,Cycling,-0
0422,5,93.99,14,Sun,AM,Cycling,-0
0423,13,67.26,10,Fri,AM,Cycling,0
0424,41,73.23,14,Sun,AM,Yoga,1
0425,20,75.51,4,Tue,AM,HIIT,0
0426,15,66.77,4,Tue,AM,Strength,0
0427,11,78.77,4,Tue,PM,HIIT,-0
0428,21,83.6,10,Fri,AM,Cycling,1
0429,13,92.71,8,Thu,AM,Cycling,-0
0430,11,88.32,6,Wed,PM,HIIT,-0
0431,7,90.6,12,Sat,AM,-,-0
0432,5,101.1,10,Fri,AM,HIIT,-0
0433,18,70.39,12,Sat,AM,HIIT,1
0434,6,91.61,12,Fri,PM,Cycling,0
0435,29,72.52,10,Fri.,AM,Yoga,1
0436,19,71.64,10,Fri,AM,HIIT,1
0437,11,78.65,2,Mon,AM,HIIT,-0
0438,57,69.95,10,Fri,AM,HIIT,0
0439,5,99.3,8,Thu,AM,HIIT,0
0440,17,69.39,13,Sat,AM,Yoga,0
0441,29,86.05,10,Fri,AM,Cycling,0
0442,6,116.26,4,Tue,AM,HIIT,-0
0443,6,69.03,6,Wed,AM,Strength,-0
0444,16,74.09,1,Mon,PM,Cycling,1
0445,14,87.14,10,Fri,AM,HIIT,0
0446,6,86.75,4,Tue,AM,Yoga,-0
0447,9,75.91,14,Sun,AM,Strength,0
0448,36,77.6,1,Mon,PM,Cycling,1
0449,38,68.1,14,Sun,AM,Cycling,1
0450,10,88.89,2,Mon,AM,HIIT,0
0451,3,124.3,12,Sat,PM,HIIT,-0
0452,5,135.18,8,Thu,AM,HIIT,0
0453,12,67.59,8,Thu,AM,HIIT,0
0454,12,79.07,10,Fri,AM,HIIT,1
0455,47,69.81,10,Fri,AM,HIIT,0
0456,6,113.32,11,Thu,PM,Cycling,-0
0457,58,74.48,11,Sat,PM,Strength,1
0458,9,81.99,14,Sun,AM,Yoga,0
0459,36,76.7,6,Wednesday,AM,Cycling,1
0460,5,81.36,10,Fri,AM,HIIT,0
0461,26,67.17,10,Fri,AM,HIIT,1
0462,17,82.26,13,Sun,PM,HIIT,0
0463,5,95.52,10 days,Fri,AM,HIIT,1
0464,5,92.65,2,Mon,AM,Strength,-0
0465,21,71.45,2,Mon,AM,HIIT,0
0466,8,105.82,6,Wed,AM,Cycling,1
0467,7,94.23,14,Sun,AM,Cycling,-0
0468,10,90.65,8,Thu,AM,HIIT,-0
0469,8,84.64,4,Tue,AM,HIIT,-0
0470,9,62.72,10,Fri,AM,HIIT,0
0471,15,89.8,5,Tue,PM,Strength,0
0472,5,122.36,10,Fri.,AM,Yoga,-0
0473,22,68.88,8,Thu,PM,HIIT,1
0474,13,91.43,10,Fri,AM,HIIT,1
0475,24,75.74,10,Fri,AM,Strength,0
0476,26,75.31,6,Wed,AM,Cycling,1
0477,20,84.64,2,Mon,AM,Strength,0
0478,9,98.34,14 days,Sun,AM,HIIT,-0
0479,20,85.93,14,Sun,AM,HIIT,0
0480,18,93.91,10,Fri,AM,Cycling,1
0481,9,79.54,15,Sun,PM,Yoga,0
0482,10,91.73,8,Thu,AM,Strength,0
0483,14,NA,1,Mon,PM,Aqua,0
0484,10,88.58,2,Mon,AM,HIIT,1
0485,39,77.84,11,Fri,AM,HIIT,0
0486,66,61.01,5,Tue,AM,Aqua,1
0487,48,82.1,10,Fri,AM,HIIT,1
0488,7,64.63,4,Tue,PM,HIIT,0
0489,20,76.14,4,Tue,AM,HIIT,1
0490,10,79.89,10,Fri,AM,HIIT,0
0491,5,96.85,10,Fri.,AM,Yoga,0
0492,9,74.13,14,Sun,AM,Strength,-0
0493,25,79.71,9,Thu,PM,Aqua,1
0494,17,68.3,8,Thu,PM,Cycling,1
0495,4,89.38,11,Fri,AM,Strength,-0
0496,10,89.19,8,Thu,AM,Cycling,-0
0497,7,77.96,2,Mon,AM,HIIT,-0
0498,7,77.92,8,Thu,AM,Cycling,-0
0499,11,76.3,12,Sat,AM,Cycling,0
0500,27,67.79,12,Sat,AM,HIIT,1
0501,9,73.42,12,Sat,AM,HIIT,0
0502,17,71.49,4,Tue,PM,Yoga,0
0503,14,71.04,6,Wed,PM,HIIT,0
0504,20,79.93,8,Thu,PM,Cycling,0
0505,11,88.93,14,Sun,AM,HIIT,0
0506,7,80.38,8,Thu,AM,HIIT,0
0507,14,86.68,2,Mon,AM,HIIT,0
0508,5,100.08,8,Thu,AM,HIIT,-0
0509,5,90.34,2,Mon,PM,HIIT,0
0510,8,89.81,12,Sat,AM,HIIT,0
0511,8,73.28,14,Sun,AM,HIIT,0
0512,15,104.35,14,Sun,AM,HIIT,0
0513,14,72.28,13,Sun,PM,HIIT,0
0514,6,72.56,2,Mon,PM,HIIT,-0
0515,5,100.69,8,Thu,AM,HIIT,1
0516,8,89.39,7,Thu,PM,HIIT,0
0517,6,104.74,4,Tue,PM,Cycling,-0
0518,7,73.19,5,Wed,PM,Cycling,0
0519,24,65.01,3,Mon,AM,Yoga,1
0520,25,73.09,10,Fri.,AM,Yoga,0
0521,10,86.22,10,Fri,AM,Yoga,-0
0522,19,79.44,10,Fri,AM,HIIT,0
0523,20,71.28,4,Tue,AM,Cycling,-0
0524,9,96.53,7,Wednesday,PM,HIIT,0
0525,19,77.58,10,Fri,PM,HIIT,1
0526,7,100.32,2,Mon,AM,HIIT,0
0527,6,100.43,10,Thu,PM,Aqua,-0
0528,5,94.55,3,Tue,PM,Strength,0
0529,7,95.71,13,Sun,PM,HIIT,0
0530,12,75.1,14,Sun,AM,Cycling,1
0531,32,74.37,12,Sat,AM,Cycling,1
0532,73,66.5,2,Mon,AM,HIIT,1
0533,41,69.26,4,Tue,AM,HIIT,1
0534,33,81.68,8,Thu,AM,HIIT,1
0535,7,81.38,10,Fri,AM,Cycling,-0
0536,21,73.59,4,Tue,AM,HIIT,1
0537,22,71.52,10,Fri,AM,Strength,1
0538,13,98.72,8,Thu,AM,HIIT,-0
0539,28,72.4,4,Tue,AM,Strength,0
0540,10,89.43,10,Fri,AM,HIIT,0
0541,14,90.07,12,Sat,AM,HIIT,1
0542,8,75.28,12,Sat,AM,Strength,-0
0543,10,96.42,14,Sun,AM,HIIT,1
0544,7,89.32,10,Fri,AM,HIIT,-0
0545,45,73.82,4,Tue,AM,HIIT,1
0546,33,82.2,10,Fri,AM,HIIT,1
0547,11,69.2,14,Sun,PM,Strength,-0
0548,12,86.94,8,Thu,AM,Strength,1
0549,6,74.58,2,Mon,AM,Strength,-0
0550,11,86.49,10,Fri,AM,HIIT,-0
0551,21,65.79,10,Fri,AM,HIIT,1
0552,43,63.19,8,Thu,AM,HIIT,1
0553,11,NA,9,Thu,AM,HIIT,-0
0554,9,88.9,8,Thu,AM,HIIT,0
0555,17,81.36,7,Thu,PM,HIIT,1
0556,7,88.76,12,Sat,AM,HIIT,-0
0557,28,76.94,2,Mon,AM,Strength,1
0558,9,73.43,12,Sat,AM,HIIT,-0
0559,30,62.93,10,Fri,AM,HIIT,0
0560,8,76.09,10,Fri,AM,HIIT,-0
0561,14,82.03,2,Mon,AM,Strength,1
0562,4,93.8,14,Sun,AM,Strength,-0
0563,33,74.65,4,Tue,PM,Cycling,0
0564,32,73.05,2,Mon,AM,Strength,1
0565,10,92.9,2,Mon,AM,HIIT,0
0566,3,105.26,10 days,Fri,AM,Cycling,-0
0567,15,60.48,2,Mon,AM,Strength,1
0568,18,91.96,4,Tue,AM,Cycling,1
0569,9,118.89,14,Sun,PM,HIIT,0
0570,9,81.29,12,Sat,AM,HIIT,-0
0571,13,89.18,4,Tue,AM,HIIT,0
0572,6,88.92,14,Sun,AM,HIIT,0
0573,17,86.76,14,Sun,AM,HIIT,1
0574,24,69.93,15,Sun,AM,HIIT,1
0575,33,65.48,10,Fri,AM,Strength,0
0576,6,93.61,10,Fri,AM,HIIT,0
0577,6,93.9,5,Tue,PM,HIIT,-0
0578,13,66.22,11,Sat,PM,Cycling,0
0579,11,85.85,12,Thu,PM,Cycling,0
0580,20,98.05,10,Fri,AM,Strength,1
0581,11,78.56,12,Sat,AM,HIIT,1
0582,5,101.35,2,Mon,AM,-,0
0583,26,103.79,13,Sat,PM,HIIT,1
0584,8,86.4,2,Monday,AM,Cycling,-0
0585,33,83.91,15,Sun,AM,HIIT,1
0586,12,81.96,2,Mon,PM,Cycling,0
0587,16,76.97,4,Tue,AM,HIIT,0
0588,7,73.95,2,Mon,AM,Cycling,0
0589,15,100.25,4,Tue,AM,Cycling,-0
0590,9,107.75,10,Thu,PM,HIIT,0
0591,61,73.69,10,Fri,AM,HIIT,1
0592,14,78.42,6,Wed,PM,HIIT,0
0593,7,95.77,2,Mon,AM,HIIT,-0
0594,48,65.02,10,Fri,AM,HIIT,1
0595,5,111.45,10,Fri,AM,HIIT,-0
0596,6,80.26,8,Wed,PM,HIIT,0
0597,9,86.65,4,Tue,PM,Strength,1
0598,13,93.42,8,Thu,AM,HIIT,1
0599,12,65.59,4,Tue,AM,Strength,0
0600,10,87.93,13,Sat,AM,Cycling,-0
0601,19,73.83,10,Fri,AM,Cycling,-0
0602,13,71.74,14,Sun,PM,Yoga,-0
0603,6,73.63,8,Thu,AM,Yoga,0
0604,38,74.23,2,Mon,AM,HIIT,0
0605,6,90.6,14,Sat,PM,HIIT,-0
0606,19,61.77,10,Fri,AM,HIIT,1
0607,12,62.92,17,Sun,PM,Aqua,0
0608,23,85.39,4,Tue,AM,Cycling,1
0609,9,100.55,14,Sun,AM,Cycling,0
0610,16,90.05,2,Mon,AM,Cycling,1
0611,21,64.96,14,Sun,AM,HIIT,1
0612,7,92.87,14,Sun,AM,HIIT,-0
0613,9,97.62,14,Sun,AM,Strength,1
0614,14,79.4,10,Fri,AM,Cycling,0
0615,8,77.18,12,Sat,AM,HIIT,-0
0616,12,86.26,10,Fri,AM,Cycling,1
0617,11,87.41,10,Fri.,AM,Cycling,-0
0618,3,86.95,14,Sun,AM,HIIT,-0
0619,6,100.13,4,Tue,AM,HIIT,0
0620,20,76.53,6,Wednesday,AM,Cycling,1
0621,50,68.92,2,Mon,AM,Cycling,1
0622,4,117.81,2,Mon,AM,Yoga,-0
0623,15,72.38,14,Sun,AM,HIIT,0
0624,9,104.31,10,Fri,AM,HIIT,0
0625,14,87.57,10,Fri,AM,Cycling,0
0626,11,80.36,8,Thu,AM,HIIT,1
0627,5,89.14,13,Sun,PM,Strength,-0
0628,16,83.92,9,Wed,PM,HIIT,0
0629,17,92.08,8,Thu,AM,HIIT,0
0630,11,78.02,10,Fri,AM,Strength,0
0631,10,85.15,4,Tue,PM,HIIT,0
0632,22,92.92,2,Mon,AM,Aqua,1
0633,16,73.52,8,Thu,AM,HIIT,1
0634,15,92.56,6,Wednesday,AM,HIIT,1
0635,20,67.33,10,Fri,AM,HIIT,1
0636,34,63.04,10,Fri,AM,Cycling,0
0637,19,75.78,3,Tue,PM,Cycling,0
0638,6,98.24,10,Fri,AM,HIIT,-0
0639,16,81.66,10,Fri,AM,HIIT,0
0640,7,78.08,2,Mon,AM,Aqua,-0
0641,19,79.09,8,Thu,PM,HIIT,1
0642,8,75.74,10,Wed,PM,Cycling,-0
0643,28,83.59,14,Sun,AM,-,1
0644,40,71.78,10,Fri,AM,Yoga,1
0645,14,94.11,14,Sun,AM,Yoga,0
0646,65,81.81,11,Sat,PM,Strength,1
0647,6,92.37,8,Thu,AM,HIIT,-0
0648,15,87.87,10,Fri,AM,Yoga,0
0649,5,120.58,12,Sat,AM,Cycling,-0
0650,33,65.27,14,Sun,AM,Strength,0
0651,8,78.59,3,Tue,PM,HIIT,0
0652,19,62.4,10,Fri,AM,HIIT,1
0653,19,74.67,10,Fri,AM,Yoga,0
0654,6,101.17,12,Sat,AM,Cycling,-0
0655,18,79.35,8,Thu,AM,Cycling,0
0656,5,NA,12,Sat,AM,Strength,-0
0657,13,71.99,6,Wed,AM,Strength,0
0658,21,74.06,12,Sat,AM,Strength,0
0659,12,72.51,2,Mon,AM,HIIT,0
0660,8,96.19,2,Mon,AM,Aqua,0
0661,55,73.66,4,Tue,AM,HIIT,1
0662,12,75.48,12,Sat,AM,Cycling,0
0663,29,71.22,12,Sat,AM,HIIT,1
0664,22,83.28,4,Tue,PM,HIIT,0
0665,21,82.87,9,Thu,AM,Cycling,1
0666,22,74.67,7,Thu,PM,Cycling,0
0667,20,69.43,14,Sun,AM,Aqua,1
0668,12,78.39,10,Fri,AM,HIIT,1
0669,13,78.87,8,Thu,AM,Yoga,1
0670,29,68.63,8,Thu,PM,HIIT,1
0671,6,119.63,14,Sun,AM,Strength,-0
0672,29,74.22,8,Thu,PM,Cycling,1
0673,9,84.72,10,Fri,AM,Yoga,1
0674,5,91.71,10 days,Fri,AM,Cycling,-0
0675,19,79.35,12,Sat,AM,Strength,0
0676,21,98.24,8,Thu,AM,HIIT,1
0677,2,79.12,6,Wed,AM,HIIT,-0
0678,39,61.42,4,Tue,AM,Strength,1
0679,12,73.33,2,Mon,AM,Cycling,0
0680,50,71.86,11,Sat,PM,HIIT,1
0681,9,81.55,8,Thu,PM,Cycling,0
0682,13,78.54,2,Mon,AM,HIIT,0
0683,14,69.48,10,Fri,AM,HIIT,0
0684,29,69.87,11,Sat,PM,HIIT,1
0685,24,65.4,4,Tue,AM,HIIT,1
0686,45,73.9,4,Tue,AM,Aqua,1
0687,12,91.48,12,Sat,AM,Strength,0
0688,3,78.67,14,Sun,AM,HIIT,0
0689,19,92.99,6,Wed,PM,Cycling,1
0690,14,76.24,10,Fri,AM,HIIT,1
0691,38,77.43,6,Wednesday,AM,Cycling,1
0692,25,87.35,15,Sun,PM,Cycling,1
0693,6,93.32,8,Mon,PM,HIIT,0
0694,3,170.52,14,Sun,AM,Yoga,-0
0695,23,74.51,14,Sun,AM,Yoga,1
0696,17,84.22,6,Wednesday,PM,Cycling,0
0697,9,110.07,14,Sun,AM,HIIT,-0
0698,12,78.44,12,Sat,AM,HIIT,1
0699,19,76.8,12,Sat,AM,Aqua,-0
0700,15,69.83,3,Mon,AM,Cycling,0
0701,10,82.74,14,Sun,AM,Cycling,1
0702,4,102.47,8,Thu,AM,Strength,-0
0703,8,73.85,3,Mon,AM,Strength,0
0704,41,72.5,10,Fri,AM,HIIT,1
0705,5,103.17,12,Sat,AM,-,-0
0706,10,83.71,8,Thu,PM,HIIT,-0
0707,6,88.74,4,Tue,AM,HIIT,-0
0708,15,80.04,15,Sun,AM,HIIT,1
0709,7,81.37,12,Sat,AM,Cycling,1
0710,3,102.97,14,Sun,AM,Strength,-0
0711,24,79.64,5,Tue,PM,HIIT,1
0712,12,82.08,4,Tue,AM,Yoga,0
0713,8,93.09,14,Sun,AM,Cycling,0
0714,4,87.26,2,Mon,AM,Yoga,-0
0715,22,64.66,8,Thu,AM,Yoga,1
0716,27,77.96,10,Fri,AM,Cycling,0
0717,6,92.29,8,Thu,AM,Cycling,0
0718,23,84.66,2,Mon,AM,Cycling,1
0719,6,101.59,4,Tue,PM,Cycling,0
0720,3,94.44,10,Fri.,AM,HIIT,-0
0721,31,65.71,2,Monday,AM,HIIT,0
0722,12,80.07,10,Fri,AM,Strength,0
0723,6,100.76,4,Tue,PM,Cycling,0
0724,11,90.45,2,Mon,AM,Cycling,1
0725,36,72.07,12,Sat,AM,Cycling,1
0726,12,96.19,10,Fri,AM,Strength,1
0727,11,69.41,4,Tue,AM,HIIT,0
0728,20,83.84,8,Thu,AM,Cycling,1
0729,6,80.45,12,Sat,AM,Cycling,-0
0730,17,83.45,4,Tue,AM,Strength,1
0731,4,78.62,12,Sat,AM,HIIT,0
0732,13,98.58,4,Tue,AM,Cycling,0
0733,16,70.3,13,Sat,PM,Cycling,0
0734,13,112.39,8,Thu,AM,HIIT,-0
0735,7,NA,8,Thu,AM,HIIT,0
0736,8,81.56,2,Mon,AM,-,-0
0737,17,101.27,2,Mon,AM,HIIT,0
0738,9,73.8,12,Sat,AM,Strength,-0
0739,52,58.24,4,Tue,AM,Aqua,1
0740,18,78.68,12,Sat,AM,Yoga,0
0741,39,76.59,2,Mon,AM,Cycling,1
0742,10,75.19,10,Fri,AM,Yoga,0
0743,11,NA,10,Wed,PM,HIIT,-0
0744,15,76.65,8,Thu,PM,HIIT,0
0745,20,78.86,10,Fri,AM,Cycling,1
0746,25,74.67,2,Mon,AM,HIIT,0
0747,22,66.78,10,Fri,AM,Aqua,1
0748,7,98.71,2,Mon,AM,Yoga,0
0749,7,81.46,14,Sun,AM,Yoga,-0
0750,6,71.74,8,Thu,PM,Cycling,-0
0751,5,78.28,7,Wednesday,AM,HIIT,-0
0752,20,75.03,8,Thu,AM,HIIT,0
0753,8,92.16,2,Mon,AM,HIIT,-0
0754,8,93.36,13,Sat,PM,HIIT,0
0755,8,90.22,8,Thu,AM,Strength,0
0756,7,79.14,14,Sun,AM,HIIT,-0
0757,12,89.83,12,Sat,AM,Cycling,-0
0758,14,74.33,6,Wed,AM,HIIT,0
0759,13,75.8,12,Sat,AM,Aqua,0
0760,24,68.93,15,Sun,PM,HIIT,1
0761,10,105.54,2,Mon,AM,Aqua,0
0762,5,107.38,2,Mon,AM,Cycling,0
0763,7,82.96,2,Mon,AM,HIIT,0
0764,7,121.38,9,Thu,PM,Yoga,1
0765,21,68.06,10,Fri,AM,Cycling,1
0766,39,74.52,6,Wed,PM,Strength,1
0767,14,70.29,8,Thu,AM,Cycling,1
0768,13,71.55,8,Thu,AM,HIIT,-0
0769,20,76.03,10,Fri,AM,Cycling,0
0770,5,110.13,10,Fri.,AM,HIIT,0
0771,11,71.35,14,Sun,AM,HIIT,-0
0772,11,77.92,10,Fri,AM,HIIT,1
0773,16,71.48,10,Fri.,AM,HIIT,1
0774,16,81.34,10,Fri,AM,Cycling,0
0775,6,92.03,12,Sat,AM,HIIT,0
0776,25,84.04,15,Sun,PM,Cycling,0
0777,6,104.78,13,Sun,PM,Strength,-0
0778,2,88.22,7,Thu,PM,Aqua,-0
0779,18,61.4,8,Thu,AM,HIIT,0
0780,13,80.89,10,Fri,AM,Strength,0
0781,8,88.98,2,Mon,PM,Cycling,0
0782,10,NA,5,Tue,PM,HIIT,0
0783,15,85.42,12,Sat,AM,Strength,0
0784,18,74.33,2,Mon,AM,Cycling,1
0785,23,70.26,2,Mon,AM,HIIT,0
0786,7,97.76,10,Fri,AM,Strength,-0
0787,18,74.69,8,Thu,AM,Cycling,0
0788,9,80.3,15,Sun,PM,Yoga,0
0789,12,80.56,2,Mon,AM,HIIT,1
0790,10,76.13,8,Thu,AM,HIIT,0
0791,13,77.37,12,Wed,PM,HIIT,0
0792,4,91.43,7,Wednesday,AM,Cycling,-0
0793,11,76.97,2,Mon,AM,Cycling,0
0794,9,87.62,10,Fri,AM,Cycling,0
0795,13,76.75,10,Fri,AM,Strength,0
0796,10,81.47,14,Sun,AM,Cycling,0
0797,17,98.6,10,Fri,AM,Yoga,0
0798,15,79.43,14,Sun,PM,HIIT,0
0799,12,77.72,10,Fri,AM,HIIT,-0
0800,22,73.51,14,Sun,AM,HIIT,1
0801,36,65.78,6,Wed,AM,Cycling,0
0802,25,70.57,4,Tue,AM,HIIT,1
0803,6,98.75,2,Mon,AM,Yoga,0
0804,10,82.86,5 days,Wednesday,PM,HIIT,0
0805,19,64.09,14,Sun,PM,Yoga,0
0806,5,71.81,10,Fri,AM,Strength,-0
0807,4,102.92,12,Sat,AM,HIIT,0
0808,7,80.18,8,Thu,AM,Strength,-0
0809,19,74.11,12,Sat,AM,Cycling,0
0810,18,78.39,14,Sun,AM,Yoga,1
0811,22,73.72,6,Wed,AM,Cycling,1
0812,14,75.69,5,Tue,PM,Strength,0
0813,22,85.12,10,Fri,AM,Yoga,0
0814,25,79.99,4,Tue,AM,Cycling,1
0815,6,95.82,4,Tue,AM,HIIT,-0
0816,10,88.47,10,Fri,AM,Cycling,0
0817,28,64.23,4,Tue,AM,Strength,0
0818,17,72.14,12,Sat,AM,Yoga,1
0819,22,63.16,2,Mon,AM,Strength,1
0820,7,78.28,3,Tue,PM,Cycling,1
0821,21,83.77,2,Mon,AM,Strength,1
0822,2,113.93,12,Sat,AM,Yoga,-0
0823,18,70.63,14,Sun,AM,Strength,1
0824,7,75.56,10,Fri,AM,HIIT,0
0825,11,88.68,2,Mon,PM,HIIT,0
0826,6,101.8,6,Wednesday,PM,HIIT,-0
0827,3,95.73,2,Mon,PM,HIIT,-0
0828,14,84.82,2,Mon,AM,Aqua,0
0829,23,74.79,2,Mon,PM,Aqua,1
0830,4,123.9,7,Wed,AM,HIIT,-0
0831,14,73.37,7,Thu,PM,Yoga,1
0832,25,71.39,12,Sat,PM,Aqua,0
0833,12,93.43,10,Fri,AM,HIIT,1
0834,14,80.54,10,Fri,AM,Aqua,0
0835,10,85.67,2,Mon,AM,HIIT,0
0836,6,83.98,4,Tue,AM,Cycling,-0
0837,10,66.72,10,Wed,PM,HIIT,-0
0838,12,102.84,2,Mon,PM,Strength,0
0839,15,88.18,2,Monday,AM,HIIT,0
0840,5,84.22,4,Tue,AM,Cycling,-0
0841,10,91.94,10,Fri,AM,Aqua,0
0842,7,84.64,9,Thu,PM,HIIT,0
0843,12,72,12,Sat,AM,HIIT,0
0844,8,68.34,12,Sat,PM,Aqua,0
0845,16,65.81,5,Wednesday,PM,Aqua,-0
0846,43,72.42,14,Sun,AM,HIIT,1
0847,9,86.95,8,Thu,AM,Strength,1
0848,19,103.99,2,Mon,AM,HIIT,1
0849,7,74.35,15,Sun,AM,Cycling,1
0850,15,68.26,10,Fri,AM,Cycling,0
0851,20,80.4,13,Sat,AM,HIIT,0
0852,8,93.5,8,Thu,AM,HIIT,1
0853,22,73.15,2 days,Mon,AM,Cycling,1
0854,7,104.27,4,Tue,AM,HIIT,-0
0855,16,83.93,8,Thu,AM,Cycling,0
0856,97,65.69,2,Mon,AM,HIIT,1
0857,12,77.36,8,Thu,PM,Cycling,0
0858,9,86.87,14,Sun,AM,Cycling,0
0859,5,112.43,3,Tue,PM,HIIT,0
0860,9,82.14,10,Thu,PM,HIIT,0
0861,6,95.66,3,Tue,PM,Cycling,0
0862,12,68.82,2,Mon,AM,HIIT,0
0863,7,92.39,4,Tue,AM,HIIT,-0
0864,6,89.52,9,Thu,PM,Cycling,0
0865,4,NA,7,Thu,PM,Cycling,-0
0866,10,70.79,6,Wed,PM,Cycling,0
0867,15,83.72,4,Tue,AM,Cycling,0
0868,8,91.17,12,Thu,PM,Yoga,-0
0869,15,72.35,6,Wed,PM,HIIT,0
0870,5,108.14,8,Thu,AM,Yoga,1
0871,13,75.62,7,Wed,PM,Cycling,0
0872,22,80.87,10,Fri,AM,Aqua,1
0873,5,85.46,11,Fri,AM,Cycling,-0
0874,9,95.9,10,Fri,AM,HIIT,-0
0875,4,89.51,4 days,Tue,AM,Cycling,0
0876,4,92.01,13,Sun,PM,HIIT,0
0877,16,87.89,15,Thu,PM,HIIT,0
0878,13,86.73,10,Fri,AM,HIIT,0
0879,21,74.69,8,Thu,AM,Aqua,1
0880,20,73.04,14,Sun,AM,HIIT,0
0881,6,113.19,14,Sun,AM,Cycling,-0
0882,41,73.9,8,Thu,AM,HIIT,0
0883,2,120.81,2,Mon,AM,Cycling,-0
0884,10,83.37,3,Mon,AM,Strength,0
0885,18,87.7,7,Wed,PM,Cycling,0
0886,13,77.89,4,Tue,PM,Cycling,1
0887,1,112.5,12,Fri.,PM,Yoga,-0
0888,13,73.16,6,Wednesday,PM,HIIT,1
0889,23,82.96,8,Thu,AM,Strength,1
0890,17,80.49,4,Tue,PM,Cycling,0
0891,5,71.91,12,Sat,AM,HIIT,-0
0892,27,75.63,9,Thu,PM,Yoga,1
0893,7,100.89,8,Thu,AM,Yoga,1
0894,6,75.8,14,Sun,AM,Cycling,-0
0895,13,70.49,12,Sat,AM,Aqua,0
0896,20,66.31,14,Sun,AM,HIIT,0
0897,6,102.68,14,Sun,AM,HIIT,-0
0898,19,79.19,13,Sat,PM,Cycling,1
0899,23,83.65,5,Tue,PM,Cycling,1
0900,7,90.83,10,Fri,AM,Cycling,0
0901,6,77.55,14,Sun,AM,Strength,-0
0902,11,87.13,14,Sun,AM,HIIT,-0
0903,11,76.69,2,Mon,PM,HIIT,0
0904,13,92.64,10,Fri,AM,HIIT,1
0905,19,82.38,3,Tue,PM,Strength,0
0906,5,83.85,15,Fri,PM,Strength,1
0907,32,69.71,10,Thu,PM,Strength,1
0908,11,68.33,8,Thu,AM,Strength,0
0909,17,90.19,12,Sat,PM,HIIT,0
0910,27,62.32,8,Thu,PM,HIIT,1
0911,9,79.91,12,Sat,AM,HIIT,0
0912,4,102.62,14,Sun,AM,Cycling,-0
0913,9,87.94,10,Fri,AM,HIIT,0
0914,23,73.8,10,Fri,AM,HIIT,1
0915,8,84.11,6,Wed,AM,Cycling,0
0916,8,99.26,12,Sat,AM,Aqua,0
0917,5,110.25,2,Mon,AM,HIIT,-0
0918,7,90.71,15,Sun,PM,Aqua,1
0919,19,79.46,3,Tue,PM,Cycling,-0
0920,4,86.59,12,Sat,AM,Strength,-0
0921,31,70.14,14,Sun,AM,Cycling,1
0922,24,72.74,10,Fri,AM,Cycling,1
0923,7,78.74,2,Mon,AM,Strength,0
0924,8,94.26,10,Fri.,AM,Yoga,0
0925,9,78.28,6,Wed,PM,Strength,0
0926,20,65.61,12,Sat,AM,Cycling,1
0927,12,89.71,4,Tue,AM,Strength,1
0928,13,78.43,4,Tue,PM,HIIT,0
0929,22,61.15,2,Mon,AM,Strength,0
0930,4,109.66,14,Sun,AM,Strength,-0
0931,11,NA,5,Wed,PM,Cycling,0
0932,11,114.87,15,Sun,PM,HIIT,0
0933,17,68.55,8,Thu,AM,HIIT,1
0934,36,58.42,4,Mon,PM,HIIT,0
0935,12,78.79,2,Mon,AM,HIIT,0
0936,12,88.38,9,Thu,PM,HIIT,0
0937,10,75.63,4,Tue,PM,Strength,-0
0938,8,72.67,2,Monday,AM,HIIT,0
0939,4,82.25,14,Sun,AM,Strength,0
0940,33,73.91,14,Sun,AM,Cycling,1
0941,9,69.62,2,Mon,AM,HIIT,-0
0942,32,67.75,2,Mon,AM,HIIT,0
0943,21,78.47,10,Fri,AM,HIIT,-0
0944,14,75.73,8,Mon,PM,HIIT,-0
0945,11,85.33,4,Tue,AM,Cycling,0
0946,55,67.57,5,Tue,PM,Cycling,1
0947,10,101.37,10,Fri,AM,HIIT,0
0948,13,92.63,14,Sun,AM,HIIT,1
0949,15,78.13,14,Sun,AM,HIIT,0
0950,11,66.38,15,Sun,AM,Yoga,0
0951,5,84.93,8,Thu,AM,Cycling,0
0952,18,96.81,13,Sat,PM,Cycling,0
0953,7,78.69,10,Fri,AM,HIIT,-0
0954,23,86.62,12,Sat,AM,HIIT,-0
0955,6,70.71,12,Sat,AM,Cycling,0
0956,37,73.62,15,Sun,AM,Strength,1
0957,5,115.91,14,Sun,PM,HIIT,-0
0958,7,80.6,14,Sun,AM,Cycling,1
0959,7,97.28,4,Tue,PM,Aqua,-0
0960,8,95.86,4,Tue,AM,Cycling,0
0961,39,60.46,8,Thu,AM,HIIT,1
0962,8,85.28,2,Mon,AM,HIIT,0
0963,14,68.83,6,Wednesday,PM,HIIT,-0
0964,12,67.23,5,Wed,PM,Yoga,0
0965,14,79.27,11,Fri,AM,Cycling,-0
0966,4,96.79,8,Thu,PM,HIIT,-0
0967,17,72.1,7,Thu,PM,HIIT,0
0968,5,92.58,4,Tue,AM,Yoga,-0
0969,57,68.87,9,Thu,PM,HIIT,1
0970,17,68.89,8,Thu,AM,Cycling,1
0971,31,64.05,10,Thu,PM,Strength,0
0972,16,80.54,8,Thu,AM,Strength,1
0973,9,82.62,10,Fri,AM,Yoga,-0
0974,5,93.5,2,Mon,AM,Cycling,-0
0975,8,105.3,2,Mon,AM,HIIT,0
0976,19,68.33,10,Fri,AM,Strength,0
0977,12,78.93,6,Wednesday,AM,Strength,0
0978,13,72.14,10,Fri,AM,Strength,1
0979,7,81.92,2,Mon,AM,Strength,0
0980,2,106.35,10,Fri,AM,HIIT,-0
0981,29,NA,8,Thu,PM,HIIT,1
0982,13,83.12,10,Fri,AM,HIIT,1
0983,9,90.76,12,Sat,PM,HIIT,-0
0984,14,85.6,8,Thu,PM,HIIT,1
0985,30,74.91,7,Wed,PM,Yoga,0
0986,24,76.25,14,Sun,AM,Strength,1
0987,22,67.24,12,Sat,AM,Cycling,0
0988,26,84.52,12,Sat,AM,Yoga,1
0989,9,91.27,2,Mon,AM,Cycling,0
0990,28,NA,8,Thu,PM,HIIT,1
0991,19,72.1,5,Tue,PM,Cycling,0
0992,28,62.02,10,Fri,AM,Aqua,1
0993,12,107.34,4,Tue,PM,HIIT,1
0994,4,108.35,2,Mon,AM,HIIT,-0
0995,28,68.42,8,Thu,AM,HIIT,0
0996,11,90.72,10,Fri,AM,Strength,-0
0997,8,89.73,4,Tue,AM,HIIT,-0
0998,11,94.38,4,Tue,PM,HIIT,-0
0999,8,118.88,6,Wednesday,AM,Cycling,0
1000,9,76.1,4,Tue,AM,HIIT,0
1001,4,116.17,14,Sun,AM,HIIT,-0
1002,9,100.57,8,Thu,PM,Cycling,0
1003,6,107.06,10,Fri,AM,Cycling,0
1004,18,79.71,4,Tue,AM,HIIT,1
1005,14,95.6,14,Sun,AM,HIIT,1
1006,6,98.25,4,Tue,AM,Cycling,0
1007,4,97.91,8,Thu,AM,Aqua,0
1008,13,95.46,2,Mon,AM,HIIT,0
1009,7,81.29,14,Sun,AM,Cycling,-0
1010,10,85.44,4,Tue,AM,HIIT,1
1011,8,84.78,12,Sat,AM,Strength,0
1012,11,80.16,3,Mon,AM,HIIT,-0
1013,6,77.02,8,Thu,AM,HIIT,0
1014,22,72.47,2,Mon,AM,HIIT,1
1015,37,78.84,14,Sun,AM,Cycling,1
1016,17,87.69,10,Fri,AM,Cycling,0
1017,3,98.39,8,Thu,AM,HIIT,-0
1018,12,77.86,13,Sat,PM,Strength,0
1019,20,78.85,5,Wednesday,PM,HIIT,1
1020,11,68.87,10,Fri,AM,-,0
1021,11,75.72,10 days,Fri,AM,Cycling,0
1022,11,85.39,4,Tue,AM,Strength,0
1023,8,85.87,5,Wednesday,PM,Cycling,0
1024,24,78.37,2,Mon,AM,HIIT,1
1025,8,84.76,6,Wed,PM,Cycling,0
1026,10,80.48,10,Fri,AM,Cycling,1
1027,14,70.03,2,Mon,AM,Cycling,0
1028,30,66.57,10,Fri,AM,Cycling,1
1029,39,72.72,10,Fri,AM,HIIT,1
1030,16,77.38,14,Sun,AM,HIIT,1
1031,25,69.54,2,Mon,AM,Yoga,0
1032,11,87.59,2,Mon,AM,Strength,0
1033,5,92.73,11,Fri.,PM,Yoga,0
1034,15,73.13,12,Sat,AM,Cycling,0
1035,5,102.23,8,Thu,AM,Cycling,-0
1036,16,80.51,10,Fri,AM,Strength,-0
1037,27,64.44,2,Mon,AM,HIIT,1
1038,7,99.82,8,Thu,AM,HIIT,-0
1039,11,89.04,7,Wednesday,PM,Cycling,0
1040,14,75.22,4,Tue,AM,HIIT,0
1041,3,92.28,14,Sun,AM,HIIT,-0
1042,8,71.45,7,Wed,PM,Cycling,-0
1043,6,99.08,2,Mon,AM,Cycling,-0
1044,27,66.27,14,Sun,AM,Yoga,1
1045,6,98.74,8,Thu,AM,HIIT,-0
1046,13,84.03,10,Fri,AM,Strength,0
1047,43,75.68,7,Tue,PM,Strength,0
1048,5,72.36,11,Thu,PM,Cycling,-0
1049,34,72.59,15,Sun,PM,HIIT,1
1050,13,108.49,15,Sun,PM,Cycling,0
1051,66,74.76,12,Sat,AM,Strength,1
1052,6,87.67,8,Thu,AM,Yoga,-0
1053,11,98.58,14,Sun,PM,Aqua,-0
1054,14,87.44,10,Fri,AM,HIIT,0
1055,44,67.44,6,Wednesday,AM,Yoga,1
1056,16,84.73,4,Tue,AM,Cycling,1
1057,12,70.37,2,Mon,AM,HIIT,1
1058,21,84.98,2,Mon,AM,HIIT,0
1059,2,103.2,12,Sat,PM,HIIT,0
1060,7,105.02,16,Sun,PM,Yoga,0
1061,5,82.28,14,Sun,AM,Aqua,0
1062,18,75.51,2,Monday,AM,HIIT,0
1063,20,79.56,14,Sun,AM,Strength,1
1064,27,74.64,10,Fri,AM,Yoga,1
1065,5,113.01,14,Sun,AM,HIIT,0
1066,13,82.63,10,Fri.,AM,HIIT,1
1067,15,88.37,14,Sun,AM,HIIT,0
1068,10,83.46,10,Fri,AM,Strength,0
1069,15,101.58,8,Thu,AM,HIIT,0
1070,8,86.87,10,Fri,AM,HIIT,1
1071,9,89.78,10,Fri,AM,HIIT,-0
1072,6,105.3,7,Wed,PM,HIIT,-0
1073,7,73.57,10,Fri,AM,HIIT,-0
1074,11,70.23,14,Sun,AM,Strength,-0
1075,12,113.45,12,Sat,AM,Cycling,0
1076,37,NA,11,Sat,PM,HIIT,1
1077,15,79.93,10,Fri,AM,HIIT,0
1078,9,81.36,2,Mon,AM,HIIT,1
1079,6,95.25,12,Sat,AM,HIIT,0
1080,13,76.99,14,Sun,PM,HIIT,0
1081,19,76.36,10,Fri,AM,Strength,0
1082,2,107.87,3,Tue,PM,Strength,-0
1083,17,77.38,6,Wed,PM,HIIT,0
1084,12,60.28,2,Mon,AM,Strength,1
1085,25,71.24,4,Tue,PM,Strength,0
1086,36,66.3,10,Fri,AM,HIIT,1
1087,15,82.72,12,Sat,AM,Cycling,-0
1088,15,81.13,4,Tue,AM,HIIT,1
1089,11,106.15,10,Fri,AM,Cycling,1
1090,16,76.18,13,Sun,PM,Cycling,1
1091,7,83.9,7,Thu,PM,Strength,0
1092,15,74.44,12,Sat,AM,Strength,0
1093,7,97.03,10,Fri.,AM,Strength,-0
1094,10,75.94,4,Tue,AM,Cycling,-0
1095,12,72.15,10,Fri,AM,Aqua,1
1096,5,76.18,3,Tue,PM,Strength,0
1097,20,90.68,10,Fri,AM,Cycling,-0
1098,3,88.66,8,Thu,AM,HIIT,-0
1099,7,112.71,14 days,Sun,AM,HIIT,-0
1100,30,65.6,9,Fri,PM,Cycling,0
1101,39,86.12,12,Sat,AM,HIIT,1
1102,15,70.98,6,Wed,AM,Yoga,0
1103,11,83.37,6,Wednesday,AM,Cycling,-0
1104,47,71.17,12,Sat,AM,Yoga,1
1105,13,77.43,10,Fri,AM,-,0
1106,16,79.54,11,Fri,AM,Aqua,1
1107,65,60.62,12,Sat,AM,HIIT,1
1108,7,77.76,7,Wed,PM,Strength,0
1109,5,81.07,4,Tue,AM,HIIT,-0
1110,11,106.25,4,Tue,PM,HIIT,1
1111,18,68.84,10,Fri,AM,HIIT,0
1112,14,69,8,Thu,AM,Cycling,1
1113,8,86.34,10,Fri,AM,HIIT,0
1114,7,79.69,3,Mon,AM,Cycling,-0
1115,9,75.46,14,Sun,AM,Yoga,-0
1116,14,73.31,12,Sat,AM,Cycling,-0
1117,15,65.47,6,Wednesday,AM,HIIT,1
1118,9,69.85,8,Thu,AM,HIIT,-0
1119,3,127.59,8,Thu,AM,Cycling,-0
1120,16,NA,8,Thu,AM,Cycling,1
1121,30,66.24,10,Fri,AM,HIIT,1
1122,7,79.29,4,Tue,AM,HIIT,0
1123,42,64.79,10,Fri,AM,HIIT,0
1124,6,84.71,8,Thu,PM,Aqua,1
1125,19,82.98,4,Tue,AM,Cycling,0
1126,5,84.07,2,Mon,AM,HIIT,-0
1127,13,73.96,8,Thu,AM,Yoga,-0
1128,14,69.96,8,Thu,AM,HIIT,0
1129,15,80.28,14,Sun,AM,HIIT,0
1130,8,79.83,7,Thu,PM,Strength,-0
1131,15,77.2,10,Fri,AM,Cycling,0
1132,17,69.11,4,Tue,AM,HIIT,-0
1133,31,66.13,14,Sun,AM,Cycling,0
1134,19,84.1,3,Mon,AM,HIIT,0
1135,29,68.39,14,Sun,AM,Strength,1
1136,26,74.59,12,Sat,AM,Cycling,0
1137,13,101.34,14,Sun,PM,Strength,0
1138,25,65.79,5,Tue,PM,HIIT,0
1139,25,72.79,4,Tue,AM,HIIT,0
1140,10,91.96,8,Thu,AM,HIIT,0
1141,9,75.12,1,Mon,PM,HIIT,0
1142,5,89.44,4,Tue,AM,Yoga,-0
1143,15,88.75,14,Sun,AM,Aqua,0
1144,11,89.99,6,Wed,AM,Cycling,-0
1145,9,106.16,6,Tue,PM,Cycling,0
1146,22,75.59,8,Thu,AM,HIIT,0
1147,15,72.18,4,Tue,AM,HIIT,0
1148,6,69.47,12,Sat,AM,HIIT,-0
1149,18,84.65,2,Mon,AM,HIIT,1
1150,7,82.02,2,Mon,AM,Yoga,-0
1151,25,72.89,15,Sun,PM,HIIT,1
1152,30,64.29,12,Sat,AM,Strength,1
1153,8,76.19,8,Thu,PM,HIIT,-0
1154,5,107.55,6,Wed,AM,Aqua,-0
1155,16,81.5,4,Tue,AM,HIIT,1
1156,16,83.76,2,Mon,AM,HIIT,0
1157,4,80.76,8,Thu,PM,HIIT,1
1158,38,60.68,8,Thu,PM,Strength,1
1159,20,85.5,4,Tue,PM,HIIT,1
1160,19,88.18,12,Sat,PM,HIIT,1
1161,33,70.46,10,Fri,AM,Yoga,1
1162,6,72.05,2,Mon,AM,HIIT,-0
1163,7,100.68,4,Tue,PM,HIIT,0
1164,10,87.59,10,Fri.,AM,HIIT,1
1165,15,72.29,12,Sat,AM,HIIT,0
1166,12,71.94,12,Sat,AM,HIIT,1
1167,8,80.65,5,Wednesday,PM,HIIT,0
1168,15,71.89,8,Thu,AM,Yoga,0
1169,12,80.08,10,Fri,AM,HIIT,1
1170,9,83.06,10,Fri,AM,Cycling,0
1171,9,94.24,6,Wed,AM,Strength,-0
1172,37,77.97,14,Sat,PM,HIIT,0
1173,12,83.52,10,Fri,AM,Yoga,0
1174,6,72.65,14,Sun,AM,Cycling,-0
1175,8,75.38,10,Fri,AM,Yoga,0
1176,11,64.78,2,Mon,AM,Cycling,1
1177,22,73.89,4,Tue,AM,HIIT,0
1178,19,63.45,2,Mon,AM,Strength,1
1179,13,71.23,14,Sun,PM,Yoga,0
1180,15,84.82,2,Mon,AM,HIIT,1
1181,8,85.87,14,Sun,AM,HIIT,-0
1182,18,62.01,14,Sun,PM,Cycling,0
1183,8,79.06,11,Sat,PM,Strength,-0
1184,17,84.44,2,Mon,AM,HIIT,-0
1185,33,89.68,2,Mon,AM,Yoga,0
1186,5,110.29,16,Sun,PM,HIIT,0
1187,17,82.26,10,Fri,AM,Yoga,0
1188,13,73.16,10,Fri.,AM,Strength,0
1189,5,107.06,10,Fri,AM,Yoga,0
1190,19,98.45,10,Fri,AM,Cycling,0
1191,30,69.49,1,Mon,PM,HIIT,1
1192,10,74.58,12,Sat,AM,Cycling,0
1193,5,92.47,3,Tue,PM,HIIT,0
1194,12,83.1,13,Sun,PM,HIIT,0
1195,11,69.61,10,Fri,AM,HIIT,1
1196,14,103.33,8,Thu,AM,HIIT,0
1197,16,74.33,10,Fri,AM,HIIT,1
1198,12,74.04,4,Tue,PM,-,-0
1199,6,94.48,1,Mon,PM,HIIT,1
1200,59,72.38,7,Wed,PM,Cycling,1
1201,10,89.17,12,Sat,AM,HIIT,-0
1202,5,103.62,2,Mon,AM,HIIT,-0
1203,16,63.06,14,Sun,AM,Cycling,1
1204,27,91.63,2,Mon,AM,Cycling,0
1205,10,80.77,8,Thu,AM,Yoga,1
1206,51,74.81,10,Fri,AM,-,1
1207,11,76.82,4,Tue,PM,HIIT,-0
1208,23,75.49,10,Fri,AM,Cycling,0
1209,12,72.33,14,Sun,AM,Cycling,1
1210,13,66.53,4,Tue,AM,Yoga,-0
1211,8,101.45,12,Sat,AM,Cycling,-0
1212,38,82.68,10,Fri,AM,Cycling,1
1213,29,74.85,8,Thu,AM,Cycling,1
1214,16,83.87,15,Sun,AM,Cycling,0
1215,3,80.49,10,Fri,AM,Strength,0
1216,7,80.56,12,Sat,AM,Strength,-0
1217,4,83.66,4,Tue,AM,HIIT,-0
1218,5,85.03,10,Fri,AM,Cycling,0
1219,15,93.03,6,Wednesday,AM,HIIT,-0
1220,3,90.34,10,Fri,AM,HIIT,-0
1221,25,79.19,2,Mon,AM,HIIT,1
1222,12,84.1,4,Tue,AM,HIIT,0
1223,36,67.08,14,Sun,AM,Cycling,0
1224,38,78.83,10,Fri,AM,HIIT,1
1225,6,87.93,12,Sat,AM,Cycling,0
1226,11,136.02,2,Mon,AM,HIIT,0
1227,41,61.37,5,Tue,PM,HIIT,1
1228,4,84.12,8,Thu,AM,HIIT,-0
1229,21,68.11,4,Tue,PM,Cycling,0
1230,17,80.4,14,Sun,PM,Cycling,1
1231,25,74.69,10,Fri.,AM,Cycling,1
1232,93,64.42,12,Sat,AM,Strength,1
1233,17,91.63,10,Fri,AM,Yoga,1
1234,10,76.58,8,Thu,AM,Yoga,0
1235,13,98.4,6,Wed,PM,HIIT,0
1236,16,87.83,10,Fri,AM,HIIT,0
1237,5,105.72,10,Fri,PM,Yoga,0
1238,18,90.76,10,Fri,AM,HIIT,0
1239,21,74.17,8,Thu,AM,HIIT,0
1240,8,75.42,10,Fri,AM,HIIT,1
1241,9,74.85,2,Mon,AM,HIIT,0
1242,15,74.76,10,Fri,AM,HIIT,0
1243,27,65.59,10,Fri,AM,Strength,1
1244,23,88.97,10,Fri,AM,Cycling,0
1245,15,77.96,14,Sun,AM,Cycling,0
1246,33,80.96,10,Fri,AM,Cycling,1
1247,12,81.62,10,Fri,AM,HIIT,-0
1248,4,97.16,4,Tue,PM,HIIT,-0
1249,8,78.3,12,Sat,AM,Strength,0
1250,22,74.2,9,Thu,PM,Cycling,1
1251,23,78.81,8,Thu,PM,Cycling,0
1252,9,81.65,8,Thu,AM,Strength,-0
1253,31,70.98,4,Tue,AM,HIIT,1
1254,20,81.84,10,Fri,AM,HIIT,0
1255,15,71.12,10,Fri,AM,HIIT,1
1256,23,70.88,2,Mon,AM,Cycling,0
1257,5,133.36,2,Mon,AM,Cycling,-0
1258,11,76.05,10,Fri,AM,Cycling,0
1259,3,87.74,14,Sun,AM,Cycling,-0
1260,13,83.47,6,Wed,AM,Yoga,0
1261,25,67.46,8,Thu,AM,HIIT,1
1262,41,71.94,12,Sat,AM,HIIT,1
1263,10,111.31,10,Fri,AM,HIIT,-0
1264,19,83.47,12,Sat,AM,Strength,0
1265,13,73.05,14,Sun,PM,HIIT,1
1266,5,82.14,4,Tue,AM,HIIT,-0
1267,14,NA,4,Tue,AM,Cycling,0
1268,10,73.94,10,Fri,AM,Cycling,-0
1269,7,82.26,3,Mon,PM,Strength,-0
1270,23,68.06,8,Wed,PM,HIIT,0
1271,5,82.61,12,Sat,AM,Yoga,0
1272,6,94.94,2,Mon,AM,Strength,-0
1273,8,83.73,10,Fri,AM,Yoga,0
1274,15,73.72,12,Sat,AM,Cycling,0
1275,43,67.14,3,Tue,PM,HIIT,1
1276,17,72.1,12,Sat,AM,Strength,-0
1277,4,104.25,8,Thu,AM,Strength,-0
1278,8,81.44,10,Fri,AM,HIIT,0
1279,13,78.39,12,Sat,AM,Cycling,-0
1280,17,67.46,8,Thu,AM,Cycling,0
1281,7,102.6,12,Sat,AM,HIIT,-0
1282,7,78.27,8,Thu,PM,Strength,-0
1283,19,83.96,10,Fri,AM,HIIT,-0
1284,22,78.16,12,Sat,PM,HIIT,1
1285,24,63.79,11,Fri,AM,Yoga,0
1286,10,79.31,11,Fri.,AM,Strength,0
1287,7,89.22,9,Thu,PM,Cycling,0
1288,41,80.54,11,Sat,PM,Strength,1
1289,7,104.79,10,Fri,AM,HIIT,-0
1290,31,79.68,14,Sun,AM,Aqua,0
1291,10,80.23,12,Sat,AM,Aqua,-0
1292,19,70.64,7,Thu,PM,Aqua,0
1293,6,95.1,4,Tue,AM,HIIT,-0
1294,12,89.8,10,Fri,AM,Aqua,0
1295,17,85.26,6,Wed,AM,Yoga,0
1296,14,87.9,12,Sat,AM,Cycling,0
1297,14,88.48,8,Thu,PM,Cycling,0
1298,33,71.25,11,Fri,AM,Strength,1
1299,8,94.46,10,Fri,AM,Cycling,0
1300,38,73.54,12,Sat,AM,Yoga,1
1301,19,83.51,4,Tue,AM,Strength,1
1302,21,81.88,6,Wed,AM,Aqua,0
1303,5,92.9,5,Wed,PM,Cycling,-0
1304,16,78.31,6 days,Wed,AM,Cycling,0
1305,10,99.68,14,Sun,AM,Cycling,0
1306,7,94,10,Fri,AM,HIIT,-0
1307,1,106.04,4,Tue,AM,Yoga,0
1308,4,81.9,4,Tue,AM,HIIT,-0
1309,12,72.82,10,Fri,AM,HIIT,0
1310,12,99.32,2,Mon,AM,Cycling,-0
1311,12,80.8,4,Tue,PM,HIIT,0
1312,20,103.58,8,Thu,AM,Cycling,1
1313,6,85.35,2,Mon,AM,Strength,-0
1314,16,71.36,14,Sun,AM,Cycling,1
1315,29,77.95,17,Sun,PM,HIIT,1
1316,15,61.91,14,Sun,PM,Yoga,1
1317,8,100.23,2,Mon,AM,HIIT,1
1318,13,72.13,3,Tue,PM,Strength,0
1319,54,67.03,3,Monday,AM,HIIT,1
1320,14,82.93,10,Fri,AM,HIIT,1
1321,42,62.02,12,Sat,AM,HIIT,1
1322,4,71.07,12,Sat,PM,HIIT,-0
1323,4,96.87,6,Wed,AM,HIIT,-0
1324,8,73.43,14,Sun,AM,Cycling,0
1325,12,106.37,6,Wed,AM,Cycling,0
1326,24,64.51,14 days,Sun,AM,HIIT,1
1327,6,82.63,12,Sat,AM,HIIT,-0
1328,8,80.38,2,Mon,AM,Cycling,-0
1329,11,99.29,10,Fri,AM,HIIT,-0
1330,12,92.52,8,Thu,AM,Strength,0
1331,9,73.95,2,Mon,AM,-,0
1332,12,101.56,8,Thu,AM,HIIT,1
1333,21,75.55,11,Fri,AM,Cycling,0
1334,6,84.85,10,Fri,AM,Cycling,-0
1335,5,85.07,10,Fri,AM,HIIT,0
1336,15,97.98,10,Fri,AM,HIIT,1
1337,4,NA,14,Sun,AM,Cycling,1
1338,24,64.27,4,Tue,PM,Cycling,1
1339,14,86.97,10,Fri,AM,Strength,0
1340,9,85.91,4,Tue,PM,HIIT,1
1341,148,71.09,7,Thu,PM,Aqua,1
1342,16,81.9,9,Thu,AM,HIIT,1
1343,8,97.95,3,Tue,PM,Strength,-0
1344,3,95.63,10,Fri,AM,Cycling,-0
1345,6,98.55,4,Tue,PM,Yoga,-0
1346,19,63.11,8,Thu,AM,Yoga,0
1347,11,70.18,8,Thu,AM,HIIT,-0
1348,9,83.35,6,Wed,AM,Cycling,1
1349,19,67.27,6,Wednesday,PM,HIIT,1
1350,20,77.02,8,Thu,AM,Yoga,0
1351,10,80.73,12,Sat,PM,Cycling,-0
1352,58,64.11,14,Sun,AM,HIIT,1
1353,9,83.71,6,Wed,AM,HIIT,0
1354,15,75.63,12,Sat,AM,HIIT,-0
1355,4,78.5,5,Tue,PM,HIIT,-0
1356,4,107.11,10,Fri,AM,Cycling,-0
1357,3,101.27,6 days,Wed,AM,HIIT,-0
1358,9,80.63,12,Sat,AM,HIIT,0
1359,5,89.07,6,Wed,AM,Cycling,-0
1360,20,87.83,8,Thu,AM,HIIT,1
1361,18,98.25,12,Sat,AM,HIIT,1
1362,13,76.5,2,Mon,AM,Cycling,0
1363,13,87.91,10,Fri,AM,HIIT,0
1364,10,NA,5,Tue,PM,HIIT,-0
1365,9,79.12,13,Sun,PM,Strength,0
1366,9,76.94,12,Sat,AM,HIIT,0
1367,12,84.13,29,Sun,PM,Strength,0
1368,8,79.69,8,Thu,AM,Cycling,0
1369,18,77.85,8,Thu,AM,Strength,1
1370,12,71.65,14,Sun,AM,HIIT,-0
1371,11,84.58,14,Sun,AM,HIIT,1
1372,16,84.24,10 days,Fri,AM,Cycling,1
1373,9,83,8,Thu,AM,Strength,0
1374,6,84.3,12,Sat,AM,Aqua,0
1375,25,68.49,8,Thu,AM,HIIT,1
1376,5,86.21,3,Mon,AM,HIIT,-0
1377,6,96.62,8,Thu,AM,Strength,-0
1378,21,69.44,14,Sun,AM,HIIT,1
1379,14,78.53,8,Thu,AM,Yoga,-0
1380,6,85.07,6,Wednesday,PM,Cycling,0
1381,10,88.27,11,Thu,PM,Yoga,0
1382,11,86.3,10,Fri,AM,Cycling,0
1383,6,81.43,5,Wed,PM,HIIT,-0
1384,10,76.18,10,Fri,AM,HIIT,0
1385,10,65.33,10,Fri,AM,HIIT,1
1386,8,85.33,14,Sun,AM,Strength,0
1387,15,66.06,15,Sun,PM,Aqua,0
1388,9,102.31,14,Sun,AM,Cycling,1
1389,18,63.47,2,Mon,AM,Cycling,-0
1390,8,83.58,10,Fri,AM,HIIT,0
1391,8,83.35,12,Sat,PM,Strength,0
1392,18,74.09,13,Sun,PM,Cycling,1
1393,3,95.75,12,Sat,AM,Strength,-0
1394,7,76.82,10,Fri,AM,Strength,0
1395,19,84.75,9,Fri,PM,HIIT,1
1396,11,87.24,8,Thu,AM,HIIT,1
1397,16,86.73,8,Thu,AM,Aqua,1
1398,23,66.3,10,Fri,AM,Cycling,1
1399,111,60.66,2,Mon,AM,Strength,1
1400,7,71.88,1,Mon,PM,HIIT,0
1401,24,73.47,12,Sat,AM,HIIT,1
1402,48,66.51,8,Thu,AM,Aqua,1
1403,16,87.64,6,Wed,PM,HIIT,0
1404,18,74.43,10,Fri.,AM,HIIT,1
1405,9,71.88,14,Sun,AM,Cycling,-0
1406,26,100.26,14,Sun,AM,Cycling,0
1407,10,102.02,2,Mon,AM,Yoga,0
1408,53,68.17,14,Sun,AM,Strength,0
1409,21,76.6,12,Sat,AM,Cycling,1
1410,11,92.16,9,Thu,PM,Cycling,-0
1411,7,86,17,Sun,PM,HIIT,-0
1412,32,71.67,5,Wed,PM,Cycling,0
1413,11,83.12,10,Fri,AM,HIIT,-0
1414,7,76.11,12,Sat,AM,HIIT,-0
1415,34,58.95,14,Sun,AM,HIIT,1
1416,7,82.97,6,Wed,AM,HIIT,0
1417,17,NA,2,Mon,AM,Strength,0
1418,6,94.41,4,Tue,AM,Cycling,0
1419,22,80.91,10,Fri,AM,Cycling,0
1420,19,81.53,8,Thu,AM,HIIT,1
1421,22,68.29,12,Sat,AM,HIIT,1
1422,5,99.41,2,Mon,AM,HIIT,-0
1423,7,89.21,4,Tue,PM,HIIT,1
1424,25,73.49,8,Thu,PM,Aqua,1
1425,4,88.08,10,Fri,AM,Strength,-0
1426,19,80.26,12 days,Sat,AM,HIIT,0
1427,57,68.35,8,Thu,AM,HIIT,1
1428,7,89.99,14,Sun,AM,HIIT,-0
1429,9,86.35,9,Thu,PM,HIIT,1
1430,18,76.3,4 days,Tue,AM,HIIT,1
1431,38,77.69,9,Thu,PM,HIIT,0
1432,6,82.57,2,Mon,AM,Cycling,-0
1433,11,87.37,3,Mon,PM,HIIT,-0
1434,9,80.75,8,Thu,PM,Cycling,-0
1435,14,79.86,14,Sun,AM,Cycling,0
1436,13,87.37,10,Fri,AM,Cycling,-0
1437,20,63.74,2,Mon,AM,Cycling,1
1438,8,98.04,12,Sat,AM,Cycling,0
1439,13,73.52,14,Sun,AM,Strength,1
1440,11,81.43,9,Fri,PM,Strength,-0
1441,8,78.23,4,Tue,PM,HIIT,0
1442,39,88.82,10,Fri,AM,HIIT,1
1443,5,113.16,4,Tue,PM,HIIT,-0
1444,10,75.25,4,Tue,AM,HIIT,-0
1445,10,67.73,4 days,Tue,AM,HIIT,1
1446,17,70.46,10,Fri,AM,HIIT,1
1447,22,78.21,4,Tue,AM,Cycling,0
1448,7,85.46,9,Wed,PM,HIIT,0
1449,12,82.28,8,Thu,AM,HIIT,-0
1450,69,77.26,8,Thu,AM,Yoga,1
1451,18,72.73,5,Wednesday,PM,HIIT,1
1452,22,70.97,10,Fri,AM,-,0
1453,17,67.91,12,Sat,AM,Strength,0
1454,9,84.67,14,Sun,AM,HIIT,0
1455,35,67.64,4,Tue,PM,HIIT,1
1456,11,101.27,8,Thu,AM,HIIT,-0
1457,6,83.66,4,Tue,AM,Cycling,1
1458,12,82.03,4,Tue,AM,HIIT,0
1459,4,102.92,10,Fri,AM,Strength,-0
1460,13,73.31,12,Sat,PM,Cycling,0
1461,13,73.28,12,Sat,AM,Strength,-0
1462,12,78.9,11,Wed,PM,HIIT,0
1463,25,85.75,10,Fri,AM,Aqua,1
1464,27,63.85,12,Sat,AM,HIIT,1
1465,16,67.94,12,Sat,AM,Aqua,1
1466,4,129.28,10,Fri,AM,Yoga,0
1467,13,94.71,14,Sun,AM,HIIT,0
1468,7,90.64,9,Tue,PM,HIIT,-0
1469,22,82.79,2,Mon,AM,HIIT,-0
1470,13,95.47,6,Wed,AM,Strength,-0
1471,14,80.12,2,Monday,AM,Strength,1
1472,8,75.32,7,Thu,PM,Cycling,-0
1473,42,76.55,14,Sun,AM,HIIT,1
1474,26,71.87,10 days,Fri,AM,Strength,1
1475,10,82.38,6,Wed,PM,Aqua,0
1476,12,75.82,12,Sat,AM,Cycling,1
1477,12,74,4,Tue,AM,HIIT,1
1478,22,82.2,14,Sun,AM,Yoga,0
1479,16,73.94,12,Sat,AM,Strength,-0
1480,21,69.62,3,Mon,PM,HIIT,1
1481,21,95.85,8,Thu,AM,HIIT,1
1482,8,96.91,8,Thu,AM,Strength,-0
1483,3,90.73,12,Sat,AM,Aqua,-0
1484,12,79.13,2,Mon,AM,HIIT,-0
1485,19,69.63,10,Fri,AM,HIIT,1
1486,54,72.29,5,Tue,PM,HIIT,1
1487,10,82.81,2,Mon,AM,Aqua,-0
1488,15,77.79,4,Tue,AM,Yoga,0
1489,11,81.44,8,Thu,AM,HIIT,0
1490,7,77.8,10,Fri,AM,Aqua,-0
1491,6,105.12,2,Mon,AM,Yoga,-0
1492,8,87.76,2,Mon,PM,HIIT,-0
1493,18,74.32,6,Wednesday,PM,HIIT,0
1494,9,80.46,8,Thu,AM,HIIT,0
1495,15,88.5,7,Thu,PM,HIIT,1
1496,21,79.51,10,Fri,AM,HIIT,0
1497,29,89.55,2,Mon,AM,Strength,0
1498,9,87.38,4,Tue,AM,HIIT,0
1499,34,68.64,14,Sun,AM,Aqua,0
1500,20,94.39,8,Thu,AM,Cycling,1
